,series-id,measurement,num-measurements,location-id,location-name,longitude,latitude,phenomenon,reference-value-lower,reference-value-upper,reference-value-color
9,6906,8.25,2,1176,43N066 - Eupen,6.002328686936966,50.62886025981787,Nitrogen dioxide,-10.0,20.0,#0000FF
19,6905,3.5,2,1176,43N066 - Eupen,6.002328686936966,50.62886025981787,Nitrogen monoxide,-10.0,20.0,#0000FF
29,6907,24.25,2,1176,43N066 - Eupen,6.002328686936966,50.62886025981787,Ozone,-10.0,25.0,#0000FF
30,10893,0.75,2,1739,42OT02 - Oud-Turnhout,5.0117926918528894,51.34654782558199,Ammonia,,,#888888
40,10772,5.5,2,1727,42R818 - Antwerpen (Burchtse Weel),4.350554534328843,51.2122581085401,Nitrogen monoxide,-10.0,20.0,#0000FF
41,10892,0.0,2,1738,42BO01 - Bonheiden,4.516483717002172,51.02706104655742,Ammonia,,,#888888
51,10771,0.7625,2,1727,42R818 - Antwerpen (Burchtse Weel),4.350554534328843,51.2122581085401,Black Carbon,-10.0,1.0,#0000FF
52,10895,1.765,1,1157,40R822 - Antwerpen,4.341279992464663,51.26428978424869,Benzene,,,#888888
53,10894,0.605,1,1127,42M802 - Antwerpen,4.42439900693533,51.2609897074671,Benzene,,,#888888
62,10773,24.25,2,1727,42R818 - Antwerpen (Burchtse Weel),4.350554534328843,51.2122581085401,Nitrogen dioxide,20.0,50.0,#0099FF
64,10897,0.58,1,1030,40AL01 - Linkeroever,4.385223684454717,51.23619419990248,Benzene,,,#888888
74,6904,1.0,2,1176,43N066 - Eupen,6.002328686936966,50.62886025981787,Sulphur dioxide,-5.0,25.0,#0000FF
75,10896,0.425,2,1711,41B008 - Brussel (Beliardstraat),4.376149069749029,50.840788566500215,Benzene,,,#888888
84,6917,46.25,2,1178,43N070 - Mons,3.939714325523836,50.46519215642695,Nitrogen dioxide,20.0,50.0,#0099FF
94,10789,11.25,2,1733,43R401 - Namur,4.865260946011645,50.462427939604666,Particulate Matter < 10 µm,10.0,20.0,#0099FF
104,10788,29.0,2,1733,43R401 - Namur,4.865260946011645,50.462427939604666,Nitrogen dioxide,20.0,50.0,#0099FF
115,6916,11.75,2,1178,43N070 - Mons,3.939714325523836,50.46519215642695,Nitrogen monoxide,-10.0,20.0,#0000FF
124,6919,12.021,2,1178,43N070 - Mons,3.939714325523836,50.46519215642695,Particulate Matter < 10 µm,10.0,20.0,#0099FF
135,6918,9.75,2,1178,43N070 - Mons,3.939714325523836,50.46519215642695,Ozone,-10.0,25.0,#0000FF
145,6911,0.068,2,1177,43N067 - Membach,5.99275271918706,50.61227752813405,Particulate Matter < 10 µm,-10.0,10.0,#0000FF
154,10785,8.93,2,1731,42HH08 - Houthalen-Helchteren,5.3763866842389705,51.03160178512395,Particulate Matter < 2.5 µm,5.0,10.4,#0099FF
164,10784,13.9,2,1731,42HH08 - Houthalen-Helchteren,5.3763866842389705,51.03160178512395,Particulate Matter < 10 µm,10.0,20.0,#0099FF
175,6912,0.0,2,1177,43N067 - Membach,5.99275271918706,50.61227752813405,Particulate Matter < 2.5 µm,-10.0,5.0,#0000FF
185,10787,3.25,2,1733,43R401 - Namur,4.865260946011645,50.462427939604666,Nitrogen monoxide,-10.0,20.0,#0000FF
195,6914,0.24,2,1178,43N070 - Mons,3.939714325523836,50.46519215642695,Carbon Monoxide,-10.0,100.0,#0000FF
203,10786,13.395,2,1727,42R818 - Antwerpen (Burchtse Weel),4.350554534328843,51.2122581085401,Particulate Matter < 2.5 µm,10.5,15.0,#009900
209,10998,1010.0,2,1715,44R702 - Gent (Carlierlaan),3.734971479685305,51.04068941942753,Atmospheric  Pressure,1010.0,1020.0,#FF6600
225,6928,0.0875,2,1180,43N085 - Vielsalm,6.001736288537827,50.30320782818866,Black Carbon,-10.0,1.0,#0000FF
226,10877,8.75,2,1206,44N052 - Zwevegem,3.322494319037272,50.814873869919865,Particulate Matter < 1 µm,,,#888888
231,10997,1007.5,2,1713,42R805 - Antwerpen (Belgiëlei),4.421559251065273,51.20822947181719,Atmospheric  Pressure,1000.0,1010.0,#FFBB00
237,10876,9.0,2,1202,44N029 - Houtem,2.582322781489737,51.01628011113804,Particulate Matter < 1 µm,,,#888888
247,6927,2.411,2,1179,43N073 - Vezin,4.988422954092519,50.50271634104266,Particulate Matter < 2.5 µm,-10.0,5.0,#0000FF
248,10879,10.0,2,1715,44R702 - Gent (Carlierlaan),3.734971479685305,51.04068941942753,Particulate Matter < 1 µm,,,#888888
252,10999,1012.75,2,1720,42R803 - Antwerpen (Park Spoor Noord),4.428454177535564,51.22862981306374,Atmospheric  Pressure,1010.0,1020.0,#FF6600
259,10878,9.25,2,1207,44R701 - Gent,3.729298171690584,51.05833171626488,Particulate Matter < 1 µm,,,#888888
263,10990,1010.0,2,1200,44N012 - Moerkerke,3.362535888701597,51.25457362243645,Atmospheric  Pressure,1010.0,1020.0,#FF6600
278,6920,6.7625,2,1178,43N070 - Mons,3.939714325523836,50.46519215642695,Particulate Matter < 2.5 µm,5.0,10.4,#0099FF
283,10992,1011.25,2,1208,44R710 - Destelbergen,3.775262389645357,51.06127769765467,Atmospheric  Pressure,1010.0,1020.0,#FF6600
299,10750,0.75,2,1722,47E704 - Wachtebeke,3.869928172752206,51.17610010406744,Nitrogen monoxide,-10.0,20.0,#0000FF
300,10871,11.25,2,1743,42R823 - Beveren,4.239930592809773,51.21325060421094,Particulate Matter < 1 µm,,,#888888
305,10991,1008.0,2,1206,44N052 - Zwevegem,3.322494319037272,50.814873869919865,Atmospheric  Pressure,1000.0,1010.0,#FFBB00
320,6924,9.75,2,1179,43N073 - Vezin,4.988422954092519,50.50271634104266,Nitrogen dioxide,-10.0,20.0,#0000FF
321,10873,8.75,2,1710,42R834 - Boom,4.38010354488249,51.09200003750444,Particulate Matter < 1 µm,,,#888888
325,10993,1011.0,2,1212,44R731 - Evergem,3.739504220441925,51.12469051189999,Atmospheric  Pressure,1010.0,1020.0,#FF6600
340,10751,26.25,2,1722,47E704 - Wachtebeke,3.869928172752206,51.17610010406744,Nitrogen dioxide,20.0,50.0,#0099FF
351,6923,0.5,2,1179,43N073 - Vezin,4.988422954092519,50.50271634104266,Nitrogen monoxide,-10.0,20.0,#0000FF
355,10996,1010.75,2,1710,42R834 - Boom,4.38010354488249,51.09200003750444,Atmospheric  Pressure,1010.0,1020.0,#FF6600
362,10875,10.25,2,1200,44N012 - Moerkerke,3.362535888701597,51.25457362243645,Particulate Matter < 1 µm,,,#888888
372,6926,5.271,2,1179,43N073 - Vezin,4.988422954092519,50.50271634104266,Particulate Matter < 10 µm,-10.0,10.0,#0000FF
376,10995,1012.75,2,1214,44R750 - Zelzate,3.8229200468043305,51.19606326849932,Atmospheric  Pressure,1010.0,1020.0,#FF6600
391,6925,44.5,2,1179,43N073 - Vezin,4.988422954092519,50.50271634104266,Ozone,25.0,50.0,#0099FF
402,6940,0.25,2,1181,43N093 - Sinsin,5.235168654774105,50.27447751094971,Nitrogen monoxide,-10.0,20.0,#0000FF
410,10767,24.15,2,1032,40AL03 - Beveren,4.201460395126572,51.25396488066997,Particulate Matter < 10 µm,20.0,30.0,#009900
422,6939,0.0,2,1181,43N093 - Sinsin,5.235168654774105,50.27447751094971,Sulphur dioxide,-5.0,25.0,#0000FF
430,6817,55.0,2,1157,40R822 - Antwerpen,4.341279992464663,51.26428978424869,Nitrogen dioxide,50.0,70.0,#009900
441,10887,37.5,1,1737,42R806 - Maerlant,4.417539976113196,51.22328680304364,Nitrogen monoxide,20.0,50.0,#0099FF
452,10766,17.75,2,1116,41MEU1 - Meudon,4.3927176975661535,50.89510056203236,Ozone,-10.0,25.0,#0000FF
460,10769,21.4,2,1727,42R818 - Antwerpen (Burchtse Weel),4.350554534328843,51.2122581085401,Particulate Matter < 10 µm,20.0,30.0,#009900
470,10889,63.5,1,1737,42R806 - Maerlant,4.417539976113196,51.22328680304364,Nitrogen dioxide,50.0,70.0,#009900
480,10768,25.15,2,1033,40AL04 - Beveren,4.293329476940385,51.2906675267468,Particulate Matter < 10 µm,20.0,30.0,#009900
485,6931,11.0,2,1180,43N085 - Vielsalm,6.001736288537827,50.30320782818866,Elemental gaseous mercury,10.0,15.0,#FF0000
493,10880,10.5,2,1208,44R710 - Destelbergen,3.775262389645357,51.06127769765467,Particulate Matter < 1 µm,,,#888888
503,6930,0.14750000000000002,2,1180,43N085 - Vielsalm,6.001736288537827,50.30320782818866,Carbon Monoxide,-10.0,100.0,#0000FF
511,10761,58.0,2,1723,42R804 - Antwerpen (Ring),4.441947090848593,51.20630394865475,Nitrogen dioxide,50.0,70.0,#009900
523,6933,0.0,2,1180,43N085 - Vielsalm,6.001736288537827,50.30320782818866,Nitrogen monoxide,-10.0,20.0,#0000FF
524,10881,12.25,2,1212,44R731 - Evergem,3.739504220441925,51.12469051189999,Particulate Matter < 1 µm,,,#888888
534,6932,1.0,2,1180,43N085 - Vielsalm,6.001736288537827,50.30320782818866,Sulphur dioxide,-5.0,25.0,#0000FF
543,10884,1.0425,2,1066,40OB01 - Oostrozebeke,3.307385799335752,50.91722844102691,Black Carbon,1.0,2.0,#0099FF
553,6935,33.25,2,1180,43N085 - Vielsalm,6.001736288537827,50.30320782818866,Ozone,25.0,50.0,#0099FF
562,10763,11.985,2,1723,42R804 - Antwerpen (Ring),4.441947090848593,51.20630394865475,Particulate Matter < 2.5 µm,10.5,15.0,#009900
574,6934,2.0,2,1180,43N085 - Vielsalm,6.001736288537827,50.30320782818866,Nitrogen dioxide,-10.0,20.0,#0000FF
575,10883,10.75,2,1214,44R750 - Zelzate,3.8229200468043305,51.19606326849932,Particulate Matter < 1 µm,,,#888888
584,10762,19.9,2,1723,42R804 - Antwerpen (Ring),4.441947090848593,51.20630394865475,Particulate Matter < 10 µm,10.0,20.0,#0099FF
594,10765,46.5,2,1723,42R804 - Antwerpen (Ring),4.441947090848593,51.20630394865475,Nitrogen monoxide,20.0,50.0,#0099FF
603,6816,56.75,2,1157,40R822 - Antwerpen,4.341279992464663,51.26428978424869,Nitrogen monoxide,50.0,70.0,#009900
614,10886,8.93,2,1046,40GK11 - Genk,5.520312797653718,50.93148760350312,Particulate Matter < 2.5 µm,5.0,10.4,#0099FF
625,6937,0.0,2,1180,43N085 - Vielsalm,6.001736288537827,50.30320782818866,Particulate Matter < 2.5 µm,-10.0,5.0,#0000FF
634,10764,1.8575,2,1723,42R804 - Antwerpen (Ring),4.441947090848593,51.20630394865475,Black Carbon,1.0,2.0,#0099FF
644,10885,15.899999999999999,2,1046,40GK11 - Genk,5.520312797653718,50.93148760350312,Particulate Matter < 10 µm,10.0,20.0,#0099FF
655,6936,0.521,2,1180,43N085 - Vielsalm,6.001736288537827,50.30320782818866,Particulate Matter < 10 µm,-10.0,10.0,#0000FF
665,6815,8.75,2,1157,40R822 - Antwerpen,4.341279992464663,51.26428978424869,Sulphur dioxide,-5.0,25.0,#0000FF
675,100020,19.25,2,1744,42R842 - Mechelen (Hendrik Speecqvest),4.483255334197498,51.02037444431827,Ozone,-10.0,25.0,#0000FF
683,6830,58.25,2,1159,42R831 - Berendrecht,4.339709947119865,51.34879529193214,Nitrogen dioxide,50.0,70.0,#009900
694,100021,15.65,2,1744,42R842 - Mechelen (Hendrik Speecqvest),4.483255334197498,51.02037444431827,Particulate Matter < 10 µm,10.0,20.0,#0099FF
705,6951,0.0,2,1182,43N100 - Dourbes,4.594762762155875,50.09568343419112,Particulate Matter < 2.5 µm,-10.0,5.0,#0000FF
715,6950,1.771,2,1182,43N100 - Dourbes,4.594762762155875,50.09568343419112,Particulate Matter < 10 µm,-10.0,10.0,#0000FF
724,100022,8.93,2,1744,42R842 - Mechelen (Hendrik Speecqvest),4.483255334197498,51.02037444431827,Particulate Matter < 2.5 µm,5.0,10.4,#0099FF
735,10609,0.7,2,1132,42N016 - Dessel,5.163978846331757,51.233652206162375,Black Carbon,-10.0,1.0,#0000FF
745,10613,17.25,2,1711,41B008 - Brussel (Beliardstraat),4.376149069749029,50.840788566500215,Nitrogen monoxide,-10.0,20.0,#0000FF
754,6829,29.75,2,1159,42R831 - Berendrecht,4.339709947119865,51.34879529193214,Nitrogen monoxide,20.0,50.0,#0099FF
762,10976,8.1,2,1715,44R702 - Gent (Carlierlaan),3.734971479685305,51.04068941942753,Temperature,5.0,10.0,#00FF00
774,6949,48.25,2,1182,43N100 - Dourbes,4.594762762155875,50.09568343419112,Ozone,25.0,50.0,#0099FF
781,10975,10.100000000000001,2,1713,42R805 - Antwerpen (Belgiëlei),4.421559251065273,51.20822947181719,Temperature,10.0,15.0,#FFFF00
786,10857,7.5,2,1132,42N016 - Dessel,5.163978846331757,51.233652206162375,Particulate Matter < 1 µm,,,#888888
793,10978,7.425000000000001,2,1721,42R817 - Antwerpen (Groenenborgerlaan),4.417948637777734,51.17713088779377,Temperature,5.0,10.0,#00FF00
805,10614,47.0,2,1711,41B008 - Brussel (Beliardstraat),4.376149069749029,50.840788566500215,Nitrogen dioxide,20.0,50.0,#0099FF
816,6709,0.75,2,1136,42N027 - Bree,5.606659219704473,51.13371669601305,Nitrogen monoxide,-10.0,20.0,#0000FF
817,10856,11.75,2,1127,42M802 - Antwerpen,4.42439900693533,51.2609897074671,Particulate Matter < 1 µm,,,#888888
824,10977,7.7,2,1720,42R803 - Antwerpen (Park Spoor Noord),4.428454177535564,51.22862981306374,Temperature,5.0,10.0,#00FF00
828,10859,8.25,2,1734,42N047 - Hasselt,5.354360289979902,50.93618938185387,Particulate Matter < 1 µm,,,#888888
838,10616,0.625,2,1711,41B008 - Brussel (Beliardstraat),4.376149069749029,50.840788566500215,Carbon Monoxide,-10.0,100.0,#0000FF
839,10858,6.25,2,1137,42N035 - Aarschot,4.837618015698614,50.97754137811429,Particulate Matter < 1 µm,,,#888888
846,10979,9.275,2,1723,42R804 - Antwerpen (Ring),4.441947090848593,51.20630394865475,Temperature,5.0,10.0,#00FF00
859,10739,0.3675,2,1148,42R802 - Borgerhout,4.431792230792439,51.209518731583486,Carbon Monoxide,-10.0,100.0,#0000FF
868,6942,31.5,2,1181,43N093 - Sinsin,5.235168654774105,50.27447751094971,Ozone,25.0,50.0,#0099FF
877,100012,13.63,2,1214,44R750 - Zelzate,3.8229200468043305,51.19606326849932,Particulate Matter < 2.5 µm,10.5,15.0,#009900
889,6941,4.75,2,1181,43N093 - Sinsin,5.235168654774105,50.27447751094971,Nitrogen dioxide,-10.0,20.0,#0000FF
898,100013,7.52,2,1142,42N054 - Walshoutem,5.103158609453956,50.711706093733625,Particulate Matter < 2.5 µm,5.0,10.4,#0099FF
908,6702,22.25,2,1132,42N016 - Dessel,5.163978846331757,51.233652206162375,Nitrogen dioxide,20.0,50.0,#0099FF
918,100014,7.755,2,1137,42N035 - Aarschot,4.837618015698614,50.97754137811429,Particulate Matter < 2.5 µm,5.0,10.4,#0099FF
929,6944,0.0,2,1181,43N093 - Sinsin,5.235168654774105,50.27447751094971,Particulate Matter < 2.5 µm,-10.0,5.0,#0000FF
936,10970,8.850000000000001,2,1208,44R710 - Destelbergen,3.775262389645357,51.06127769765467,Temperature,5.0,10.0,#00FF00
949,6701,2.25,2,1132,42N016 - Dessel,5.163978846331757,51.233652206162375,Nitrogen monoxide,-10.0,20.0,#0000FF
959,6943,0.4535,2,1181,43N093 - Sinsin,5.235168654774105,50.27447751094971,Particulate Matter < 10 µm,-10.0,10.0,#0000FF
969,6825,0.75,2,1158,42R830 - Doel,4.262633729582558,51.31822863028208,Nitrogen monoxide,-10.0,20.0,#0000FF
978,6704,15.899999999999999,2,1132,42N016 - Dessel,5.163978846331757,51.233652206162375,Particulate Matter < 10 µm,10.0,20.0,#0099FF
988,100016,9.165,2,1146,42R020 - Vilvoorde,4.436720763534066,50.94138711459397,Particulate Matter < 2.5 µm,5.0,10.4,#0099FF
999,6946,1.0,2,1182,43N100 - Dourbes,4.594762762155875,50.09568343419112,Sulphur dioxide,-5.0,25.0,#0000FF
1009,6703,23.75,2,1132,42N016 - Dessel,5.163978846331757,51.233652206162375,Ozone,-10.0,25.0,#0000FF
1017,100017,13.864999999999998,2,1149,42R811 - Schoten,4.491362027935439,51.25210341184476,Particulate Matter < 2.5 µm,10.5,15.0,#009900
1026,10971,7.699999999999999,2,1212,44R731 - Evergem,3.739504220441925,51.12469051189999,Temperature,5.0,10.0,#00FF00
1039,6948,3.5,2,1182,43N100 - Dourbes,4.594762762155875,50.09568343419112,Nitrogen dioxide,-10.0,20.0,#0000FF
1048,100018,8.46,2,1132,42N016 - Dessel,5.163978846331757,51.233652206162375,Particulate Matter < 2.5 µm,5.0,10.4,#0099FF
1056,10974,8.1,2,1710,42R834 - Boom,4.38010354488249,51.09200003750444,Temperature,5.0,10.0,#00FF00
1068,100019,48.0,2,1744,42R842 - Mechelen (Hendrik Speecqvest),4.483255334197498,51.02037444431827,Nitrogen dioxide,20.0,50.0,#0099FF
1078,6826,32.5,2,1158,42R830 - Doel,4.262633729582558,51.31822863028208,Nitrogen dioxide,20.0,50.0,#0099FF
1089,6947,0.0,2,1182,43N100 - Dourbes,4.594762762155875,50.09568343419112,Nitrogen monoxide,-10.0,20.0,#0000FF
1090,10852,11.5,2,1070,44RL01 - Roeselare,3.1211555989012387,50.95317728023869,Particulate Matter < 1 µm,,,#888888
1099,10610,15.899999999999999,2,1710,42R834 - Boom,4.38010354488249,51.09200003750444,Particulate Matter < 10 µm,10.0,20.0,#0099FF
1107,10973,8.525,2,1214,44R750 - Zelzate,3.8229200468043305,51.19606326849932,Temperature,5.0,10.0,#00FF00
1120,6960,0.75,2,1184,43N121 - Offagne,5.202387466800061,49.87712849132946,Nitrogen monoxide,-10.0,20.0,#0000FF
1130,100030,3.1365,2,1740,43R202 - Liège,5.571781423606139,50.63797831100502,Particulate Matter < 2.5 µm,-10.0,5.0,#0000FF
1139,100031,41.5,2,1741,41REG1 - Brussel (Bld du Régent),4.367005785367068,50.84356660319536,Nitrogen monoxide,20.0,50.0,#0099FF
1148,100032,59.25,2,1741,41REG1 - Brussel (Bld du Régent),4.367005785367068,50.84356660319536,Nitrogen dioxide,50.0,70.0,#009900
1159,6962,43.5,1,1184,43N121 - Offagne,5.202387466800061,49.87712849132946,Ozone,25.0,50.0,#0099FF
1170,6961,2.0,2,1184,43N121 - Offagne,5.202387466800061,49.87712849132946,Nitrogen dioxide,-10.0,20.0,#0000FF
1179,100033,12.99,2,1741,41REG1 - Brussel (Bld du Régent),4.367005785367068,50.84356660319536,Particulate Matter < 10 µm,10.0,20.0,#0099FF
1184,10987,1012.0,2,1148,42R802 - Borgerhout,4.431792230792439,51.209518731583486,Atmospheric  Pressure,1010.0,1020.0,#FF6600
1200,10745,3.0,2,1721,42R817 - Antwerpen (Groenenborgerlaan),4.417948637777734,51.17713088779377,Nitrogen monoxide,-10.0,20.0,#0000FF
1209,6719,49.5,2,1138,42N040 - Sint-Pieters-Leeuw (3m),4.225194246746711,50.768137513255375,Ozone,25.0,50.0,#0099FF
1211,10866,12.75,2,1713,42R805 - Antwerpen (Belgiëlei),4.421559251065273,51.20822947181719,Particulate Matter < 1 µm,,,#888888
1216,10986,1008.5,2,1147,42R801 - Borgerhout,4.4318210469688415,51.209662530910016,Atmospheric  Pressure,1000.0,1010.0,#FFBB00
1231,6718,10.0,2,1138,42N040 - Sint-Pieters-Leeuw (3m),4.225194246746711,50.768137513255375,Nitrogen dioxide,-10.0,20.0,#0000FF
1232,10865,10.25,2,1723,42R804 - Antwerpen (Ring),4.441947090848593,51.20630394865475,Particulate Matter < 1 µm,,,#888888
1240,10744,13.629999999999999,2,1720,42R803 - Antwerpen (Park Spoor Noord),4.428454177535564,51.22862981306374,Particulate Matter < 2.5 µm,10.5,15.0,#009900
1252,10747,0.815,2,1721,42R817 - Antwerpen (Groenenborgerlaan),4.417948637777734,51.17713088779377,Black Carbon,-10.0,1.0,#0000FF
1253,10868,11.0,2,1721,42R817 - Antwerpen (Groenenborgerlaan),4.417948637777734,51.17713088779377,Particulate Matter < 1 µm,,,#888888
1258,10988,1009.0,2,1149,42R811 - Schoten,4.491362027935439,51.25210341184476,Atmospheric  Pressure,1000.0,1010.0,#FFBB00
1272,10746,36.0,2,1721,42R817 - Antwerpen (Groenenborgerlaan),4.417948637777734,51.17713088779377,Nitrogen dioxide,20.0,50.0,#0099FF
1274,10867,11.75,2,1149,42R811 - Schoten,4.491362027935439,51.25210341184476,Particulate Matter < 1 µm,,,#888888
1282,10749,13.16,2,1721,42R817 - Antwerpen (Groenenborgerlaan),4.417948637777734,51.17713088779377,Particulate Matter < 2.5 µm,10.5,15.0,#009900
1285,10869,12.0,2,1727,42R818 - Antwerpen (Burchtse Weel),4.350554534328843,51.2122581085401,Particulate Matter < 1 µm,,,#888888
1293,10748,21.4,2,1721,42R817 - Antwerpen (Groenenborgerlaan),4.417948637777734,51.17713088779377,Particulate Matter < 10 µm,20.0,30.0,#009900
1305,100023,17.0,2,1744,42R842 - Mechelen (Hendrik Speecqvest),4.483255334197498,51.02037444431827,Nitrogen monoxide,-10.0,20.0,#0000FF
1314,6711,32.75,2,1136,42N027 - Bree,5.606659219704473,51.13371669601305,Ozone,25.0,50.0,#0099FF
1325,6832,0.0,2,1159,42R831 - Berendrecht,4.339709947119865,51.34879529193214,Ozone,-10.0,25.0,#0000FF
1334,100024,1.2125,2,1744,42R842 - Mechelen (Hendrik Speecqvest),4.483255334197498,51.02037444431827,Black Carbon,1.0,2.0,#0099FF
1345,6710,14.25,2,1136,42N027 - Bree,5.606659219704473,51.13371669601305,Nitrogen dioxide,-10.0,20.0,#0000FF
1355,6955,3.0,2,1183,43N113 - Sainte-Ode,5.593016914066444,50.02702901734794,Nitrogen dioxide,-10.0,20.0,#0000FF
1365,100025,18.5,2,1740,43R202 - Liège,5.571781423606139,50.63797831100502,Nitrogen monoxide,-10.0,20.0,#0000FF
1375,6713,0.75,2,1137,42N035 - Aarschot,4.837618015698614,50.97754137811429,Nitrogen monoxide,-10.0,20.0,#0000FF
1376,10860,6.75,2,1142,42N054 - Walshoutem,5.103158609453956,50.711706093733625,Particulate Matter < 1 µm,,,#888888
1383,10981,7.225,2,1743,42R823 - Beveren,4.239930592809773,51.21325060421094,Temperature,5.0,10.0,#00FF00
1395,100026,36.75,2,1740,43R202 - Liège,5.571781423606139,50.63797831100502,Nitrogen dioxide,20.0,50.0,#0099FF
1406,6954,0.0,2,1183,43N113 - Sainte-Ode,5.593016914066444,50.02702901734794,Nitrogen monoxide,-10.0,20.0,#0000FF
1413,10980,7.45,2,1727,42R818 - Antwerpen (Burchtse Weel),4.350554534328843,51.2122581085401,Temperature,5.0,10.0,#00FF00
1421,10983,1006.25,2,1137,42N035 - Aarschot,4.837618015698614,50.97754137811429,Atmospheric  Pressure,1000.0,1010.0,#FFBB00
1436,100027,0.6725,2,1740,43R202 - Liège,5.571781423606139,50.63797831100502,Black Carbon,-10.0,1.0,#0000FF
1445,10741,41.5,2,1720,42R803 - Antwerpen (Park Spoor Noord),4.428454177535564,51.22862981306374,Nitrogen dioxide,20.0,50.0,#0099FF
1455,6715,37.75,2,1137,42N035 - Aarschot,4.837618015698614,50.97754137811429,Ozone,25.0,50.0,#0099FF
1457,10862,12.5,2,1147,42R801 - Borgerhout,4.4318210469688415,51.209662530910016,Particulate Matter < 1 µm,,,#888888
1467,6957,0.068,2,1183,43N113 - Sainte-Ode,5.593016914066444,50.02702901734794,Particulate Matter < 10 µm,-10.0,10.0,#0000FF
1472,10982,1009.25,2,1132,42N016 - Dessel,5.163978846331757,51.233652206162375,Atmospheric  Pressure,1000.0,1010.0,#FFBB00
1487,100028,0.305,2,1740,43R202 - Liège,5.571781423606139,50.63797831100502,Carbon Monoxide,-10.0,100.0,#0000FF
1496,6714,22.75,2,1137,42N035 - Aarschot,4.837618015698614,50.97754137811429,Nitrogen dioxide,20.0,50.0,#0099FF
1507,10740,4.0,2,1720,42R803 - Antwerpen (Park Spoor Noord),4.428454177535564,51.22862981306374,Nitrogen monoxide,-10.0,20.0,#0000FF
1516,6956,48.75,2,1183,43N113 - Sainte-Ode,5.593016914066444,50.02702901734794,Ozone,25.0,50.0,#0099FF
1518,10861,7.5,2,1146,42R020 - Vilvoorde,4.436720763534066,50.94138711459397,Particulate Matter < 1 µm,,,#888888
1523,10985,1009.25,2,1146,42R020 - Vilvoorde,4.436720763534066,50.94138711459397,Atmospheric  Pressure,1000.0,1010.0,#FFBB00
1538,6717,0.0,2,1138,42N040 - Sint-Pieters-Leeuw (3m),4.225194246746711,50.768137513255375,Nitrogen monoxide,-10.0,20.0,#0000FF
1539,10864,11.5,2,1720,42R803 - Antwerpen (Park Spoor Noord),4.428454177535564,51.22862981306374,Particulate Matter < 1 µm,,,#888888
1549,100029,6.521000000000001,2,1740,43R202 - Liège,5.571781423606139,50.63797831100502,Particulate Matter < 10 µm,-10.0,10.0,#0000FF
1557,10743,22.15,2,1720,42R803 - Antwerpen (Park Spoor Noord),4.428454177535564,51.22862981306374,Particulate Matter < 10 µm,20.0,30.0,#009900
1565,10984,999.0,2,1142,42N054 - Walshoutem,5.103158609453956,50.711706093733625,Atmospheric  Pressure,990.0,1000.0,#FFFF00
1579,10742,0.99,2,1720,42R803 - Antwerpen (Park Spoor Noord),4.428454177535564,51.22862981306374,Black Carbon,-10.0,1.0,#0000FF
1580,10863,13.0,2,1148,42R802 - Borgerhout,4.431792230792439,51.209518731583486,Particulate Matter < 1 µm,,,#888888
1589,6716,13.65,2,1137,42N035 - Aarschot,4.837618015698614,50.97754137811429,Particulate Matter < 10 µm,10.0,20.0,#0099FF
1600,6958,0.0,2,1183,43N113 - Sainte-Ode,5.593016914066444,50.02702901734794,Particulate Matter < 2.5 µm,-10.0,5.0,#0000FF
1610,6971,0.0,2,1185,43N132 - Habay-La-Neuve,5.630397740609143,49.71928118788122,Particulate Matter < 2.5 µm,-10.0,5.0,#0000FF
1620,6970,1.271,2,1185,43N132 - Habay-La-Neuve,5.630397740609143,49.71928118788122,Particulate Matter < 10 µm,-10.0,10.0,#0000FF
1630,10708,15.5,2,1716,47E814 - Ham,5.129718074812025,51.08218722351412,Nitrogen dioxide,-10.0,20.0,#0000FF
1639,10829,29.0,2,1734,42N047 - Hasselt,5.354360289979902,50.93618938185387,Nitrogen dioxide,20.0,50.0,#0099FF
1650,10833,0.575,2,1734,42N047 - Hasselt,5.354360289979902,50.93618938185387,Black Carbon,-10.0,1.0,#0000FF
1660,6609,0.44,2,1119,41R002 - Ixelles,4.3847188416995815,50.8251278729572,Black Carbon,-10.0,1.0,#0000FF
1668,10954,12.925,2,1749,40EG05 - Rieme,3.786084652396532,51.174053838769616,Particulate Matter < 2.5 µm,10.5,15.0,#009900
1679,10953,19.65,2,1749,40EG05 - Rieme,3.786084652396532,51.174053838769616,Particulate Matter < 10 µm,10.0,20.0,#0099FF
1689,10832,9.5,2,1734,42N047 - Hasselt,5.354360289979902,50.93618938185387,Particulate Matter < 2.5 µm,5.0,10.4,#0099FF
1699,10956,17.0,2,1743,42R823 - Beveren,4.239930592809773,51.21325060421094,Particulate Matter < 10 µm,10.0,20.0,#0099FF
1709,10958,30.0,2,1750,41BUL1 - Brussel (Bld du midi),4.341821001555243,50.837909259201766,Nitrogen monoxide,20.0,50.0,#0099FF
1718,10957,13.5,2,1743,42R823 - Beveren,4.239930592809773,51.21325060421094,Particulate Matter < 2.5 µm,10.5,15.0,#009900
1728,10959,59.0,2,1750,41BUL1 - Brussel (Bld du midi),4.341821001555243,50.837909259201766,Nitrogen dioxide,50.0,70.0,#009900
1740,6964,0.1795,2,1184,43N121 - Offagne,5.202387466800061,49.87712849132946,Particulate Matter < 2.5 µm,-10.0,5.0,#0000FF
1750,6963,1.2029999999999998,2,1184,43N121 - Offagne,5.202387466800061,49.87712849132946,Particulate Matter < 10 µm,-10.0,10.0,#0000FF
1760,6966,1.25,2,1185,43N132 - Habay-La-Neuve,5.630397740609143,49.71928118788122,Sulphur dioxide,-5.0,25.0,#0000FF
1770,6965,0.1525,2,1185,43N132 - Habay-La-Neuve,5.630397740609143,49.71928118788122,Carbon Monoxide,-10.0,100.0,#0000FF
1780,6968,3.5,1,1185,43N132 - Habay-La-Neuve,5.630397740609143,49.71928118788122,Nitrogen dioxide,-10.0,20.0,#0000FF
1790,6967,0.0,1,1185,43N132 - Habay-La-Neuve,5.630397740609143,49.71928118788122,Nitrogen monoxide,-10.0,20.0,#0000FF
1800,10952,0.79,2,1732,44R703 - Gent (Lange Violettestraat),3.734274548131827,51.046879295386944,Black Carbon,-10.0,1.0,#0000FF
1809,10831,11.5,2,1734,42N047 - Hasselt,5.354360289979902,50.93618938185387,Particulate Matter < 10 µm,10.0,20.0,#0099FF
1820,10830,0.5,2,1734,42N047 - Hasselt,5.354360289979902,50.93618938185387,Nitrogen monoxide,-10.0,20.0,#0000FF
1829,6969,40.0,1,1185,43N132 - Habay-La-Neuve,5.630397740609143,49.71928118788122,Ozone,25.0,50.0,#0099FF
1840,6861,6.75,2,1164,40R892 - Kallo,4.2788899765059245,51.263036822814975,Nitrogen monoxide,-10.0,20.0,#0000FF
1850,6860,0.0,2,1164,40R892 - Kallo,4.2788899765059245,51.263036822814975,Sulphur dioxide,-5.0,25.0,#0000FF
1860,6500,0.335,1,1109,41B001 - Arts-Loi,4.36868122346149,50.84571510092847,Carbon Monoxide,-10.0,100.0,#0000FF
1870,6621,3.75,2,1122,41R012 - Uccle,4.358538856351676,50.79663163849799,Nitrogen monoxide,-10.0,20.0,#0000FF
1880,6742,0.0,1,1141,42N046 - Gellik,5.618873985239512,50.88229882582807,Nitrogen monoxide,-10.0,20.0,#0000FF
1888,100010,10.809999999999999,2,1206,44N052 - Zwevegem,3.322494319037272,50.814873869919865,Particulate Matter < 2.5 µm,10.5,15.0,#009900
1899,6862,35.0,2,1164,40R892 - Kallo,4.2788899765059245,51.263036822814975,Nitrogen dioxide,20.0,50.0,#0099FF
1908,100011,10.575,2,1710,42R834 - Boom,4.38010354488249,51.09200003750444,Particulate Matter < 2.5 µm,10.5,15.0,#009900
1920,6620,4.324999999999999,2,1122,41R012 - Uccle,4.358538856351676,50.79663163849799,Sulphur dioxide,-5.0,25.0,#0000FF
1930,10602,0.6225,2,1207,44R701 - Gent,3.729298171690584,51.05833171626488,Black Carbon,-10.0,1.0,#0000FF
1937,10965,8.575,2,1148,42R802 - Borgerhout,4.431792230792439,51.209518731583486,Temperature,5.0,10.0,#00FF00
1949,10601,48.75,2,1148,42R802 - Borgerhout,4.431792230792439,51.209518731583486,Nitrogen dioxide,20.0,50.0,#0099FF
1959,10604,1.46,2,1148,42R802 - Borgerhout,4.431792230792439,51.209518731583486,Black Carbon,1.0,2.0,#0099FF
1969,10603,1.1275,2,1147,42R801 - Borgerhout,4.4318210469688415,51.209662530910016,Black Carbon,1.0,2.0,#0099FF
1977,10966,8.525,2,1149,42R811 - Schoten,4.491362027935439,51.25210341184476,Temperature,5.0,10.0,#00FF00
1990,10606,0.2625,2,1202,44N029 - Houtem,2.582322781489737,51.01628011113804,Black Carbon,-10.0,1.0,#0000FF
1991,10848,8.25,2,1731,42HH08 - Houthalen-Helchteren,5.3763866842389705,51.03160178512395,Particulate Matter < 1 µm,,,#888888
1998,10969,7.125,2,1206,44N052 - Zwevegem,3.322494319037272,50.814873869919865,Temperature,5.0,10.0,#00FF00
2011,10605,0.8975,2,1214,44R750 - Zelzate,3.8229200468043305,51.19606326849932,Black Carbon,-10.0,1.0,#0000FF
2018,10968,7.6,2,1200,44N012 - Moerkerke,3.362535888701597,51.25457362243645,Temperature,5.0,10.0,#00FF00
2031,10607,0.24,2,1122,41R012 - Uccle,4.358538856351676,50.79663163849799,Black Carbon,-10.0,1.0,#0000FF
2041,6614,19.25,2,1119,41R002 - Ixelles,4.3847188416995815,50.8251278729572,Nitrogen monoxide,-10.0,20.0,#0000FF
2051,6856,1.25,2,1163,40R891 - Antwerpen,4.385359826049379,51.25580664431462,Sulphur dioxide,-5.0,25.0,#0000FF
2061,6613,4.1,2,1119,41R002 - Ixelles,4.3847188416995815,50.8251278729572,Sulphur dioxide,-5.0,25.0,#0000FF
2070,6858,39.5,1,1163,40R891 - Antwerpen,4.385359826049379,51.25580664431462,Nitrogen dioxide,20.0,50.0,#0099FF
2079,100005,14.25,2,1070,44RL01 - Roeselare,3.1211555989012387,50.95317728023869,Particulate Matter < 2.5 µm,10.5,15.0,#009900
2088,10961,7.85,2,1137,42N035 - Aarschot,4.837618015698614,50.97754137811429,Temperature,5.0,10.0,#00FF00
2100,6615,40.25,2,1119,41R002 - Ixelles,4.3847188416995815,50.8251278729572,Nitrogen dioxide,20.0,50.0,#0099FF
2111,6857,11.5,1,1163,40R891 - Antwerpen,4.385359826049379,51.25580664431462,Nitrogen monoxide,-10.0,20.0,#0000FF
2118,100006,16.215,2,1066,40OB01 - Oostrozebeke,3.307385799335752,50.91722844102691,Particulate Matter < 2.5 µm,15.0,25.0,#00FF00
2128,10960,8.025,2,1132,42N016 - Dessel,5.163978846331757,51.233652206162375,Temperature,5.0,10.0,#00FF00
2139,100007,12.455,2,1714,40OB02 - Wielsbeke,3.376211631086016,50.91495296088119,Particulate Matter < 2.5 µm,10.5,15.0,#009900
2148,10963,8.025,2,1146,42R020 - Vilvoorde,4.436720763534066,50.94138711459397,Temperature,5.0,10.0,#00FF00
2159,100008,13.16,2,1030,40AL01 - Linkeroever,4.385223684454717,51.23619419990248,Particulate Matter < 2.5 µm,10.5,15.0,#009900
2168,10962,8.625,2,1142,42N054 - Walshoutem,5.103158609453956,50.711706093733625,Temperature,5.0,10.0,#00FF00
2181,6993,6.521,2,1190,43R221 - Liège,5.627835290852657,50.65844441678666,Particulate Matter < 10 µm,-10.0,10.0,#0000FF
2191,6995,0.22499999999999998,2,1191,43R222 - Seraing,5.57022281411258,50.61341250148202,Carbon Monoxide,-10.0,100.0,#0000FF
2201,6874,8.0,2,1168,40R897 - Antwerpen,4.342104511322136,51.250106498307176,Nitrogen monoxide,-10.0,20.0,#0000FF
2211,6994,3.378,2,1190,43R221 - Liège,5.627835290852657,50.65844441678666,Particulate Matter < 2.5 µm,-10.0,5.0,#0000FF
2221,6873,0.25,2,1168,40R897 - Antwerpen,4.342104511322136,51.250106498307176,Sulphur dioxide,-5.0,25.0,#0000FF
2231,6509,10.5,2,1110,41B004 - Bruxelles (Sainte-Catherine),4.348587474273881,50.85081053679487,Ozone,-10.0,25.0,#0000FF
2240,6744,35.0,2,1141,42N046 - Gellik,5.618873985239512,50.88229882582807,Ozone,25.0,50.0,#0099FF
2251,6502,2.9,2,1109,41B001 - Arts-Loi,4.36868122346149,50.84571510092847,Sulphur dioxide,-5.0,25.0,#0000FF
2260,6622,26.0,2,1122,41R012 - Uccle,4.358538856351676,50.79663163849799,Nitrogen dioxide,20.0,50.0,#0099FF
2271,6743,15.0,1,1141,42N046 - Gellik,5.618873985239512,50.88229882582807,Nitrogen dioxide,-10.0,20.0,#0000FF
2281,6988,0.9,2,1190,43R221 - Liège,5.627835290852657,50.65844441678666,Black Carbon,-10.0,1.0,#0000FF
2289,6504,58.25,2,1109,41B001 - Arts-Loi,4.36868122346149,50.84571510092847,Nitrogen dioxide,50.0,70.0,#009900
2301,6746,0.0,2,1142,42N054 - Walshoutem,5.103158609453956,50.711706093733625,Nitrogen monoxide,-10.0,20.0,#0000FF
2310,6625,37.0,2,1122,41R012 - Uccle,4.358538856351676,50.79663163849799,Ozone,25.0,50.0,#0099FF
2320,6503,25.75,2,1109,41B001 - Arts-Loi,4.36868122346149,50.84571510092847,Nitrogen monoxide,20.0,50.0,#0099FF
2331,6506,0.325,2,1110,41B004 - Bruxelles (Sainte-Catherine),4.348587474273881,50.85081053679487,Carbon Monoxide,-10.0,100.0,#0000FF
2340,6748,41.0,2,1142,42N054 - Walshoutem,5.103158609453956,50.711706093733625,Ozone,25.0,50.0,#0099FF
2350,6627,7.496500000000001,2,1122,41R012 - Uccle,4.358538856351676,50.79663163849799,Particulate Matter < 2.5 µm,5.0,10.4,#0099FF
2361,6747,12.75,2,1142,42N054 - Walshoutem,5.103158609453956,50.711706093733625,Nitrogen dioxide,-10.0,20.0,#0000FF
2370,6626,11.25,2,1122,41R012 - Uccle,4.358538856351676,50.79663163849799,Particulate Matter < 10 µm,10.0,20.0,#0099FF
2380,6508,44.75,2,1110,41B004 - Bruxelles (Sainte-Catherine),4.348587474273881,50.85081053679487,Nitrogen dioxide,20.0,50.0,#0099FF
2391,6507,7.5,2,1110,41B004 - Bruxelles (Sainte-Catherine),4.348587474273881,50.85081053679487,Nitrogen monoxide,-10.0,20.0,#0000FF
2400,6749,12.4,2,1142,42N054 - Walshoutem,5.103158609453956,50.711706093733625,Particulate Matter < 10 µm,10.0,20.0,#0099FF
2411,6881,4.5865,2,1170,43H201 - Liège,5.547464182570818,50.62499156889817,Particulate Matter < 2.5 µm,-10.0,5.0,#0000FF
2421,6880,8.771,2,1170,43H201 - Liège,5.547464182570818,50.62499156889817,Particulate Matter < 10 µm,-10.0,10.0,#0000FF
2431,6883,6.271,2,1171,43M204 - Angleur,5.611149762819439,50.61192270655334,Particulate Matter < 10 µm,-10.0,10.0,#0000FF
2441,6884,2.653,2,1171,43M204 - Angleur,5.611149762819439,50.61192270655334,Particulate Matter < 2.5 µm,-10.0,5.0,#0000FF
2451,6997,9.0,1,1191,43R222 - Seraing,5.57022281411258,50.61341250148202,Nitrogen monoxide,-10.0,20.0,#0000FF
2460,6875,31.25,2,1168,40R897 - Antwerpen,4.342104511322136,51.250106498307176,Nitrogen dioxide,20.0,50.0,#0099FF
2471,6996,1.0,2,1191,43R222 - Seraing,5.57022281411258,50.61341250148202,Sulphur dioxide,-5.0,25.0,#0000FF
2481,6515,1.5,2,1112,41B006 - Bruxelles (Parlement UE),4.374388283352735,50.838631187634185,Nitrogen monoxide,-10.0,20.0,#0000FF
2491,6999,8.0,1,1191,43R222 - Seraing,5.57022281411258,50.61341250148202,Ozone,-10.0,25.0,#0000FF
2501,6514,0.4525,2,1112,41B006 - Bruxelles (Parlement UE),4.374388283352735,50.838631187634185,Carbon Monoxide,-10.0,100.0,#0000FF
2510,6998,25.0,1,1191,43R222 - Seraing,5.57022281411258,50.61341250148202,Nitrogen dioxide,20.0,50.0,#0099FF
2520,6516,40.75,2,1112,41B006 - Bruxelles (Parlement UE),4.374388283352735,50.838631187634185,Nitrogen dioxide,20.0,50.0,#0099FF
2522,6519,0.3,2,1112,41B006 - Bruxelles (Parlement UE),4.374388283352735,50.838631187634185,Benzene,,,#888888
2531,6890,20.25,2,1173,43N060 - Havinnes,3.457624427181725,50.616718401793946,Nitrogen dioxide,20.0,50.0,#0099FF
2541,6771,14.649999999999999,2,1146,42R020 - Vilvoorde,4.436720763534066,50.94138711459397,Particulate Matter < 10 µm,10.0,20.0,#0099FF
2551,6892,14.271,2,1173,43N060 - Havinnes,3.457624427181725,50.616718401793946,Particulate Matter < 10 µm,10.0,20.0,#0099FF
2562,6891,18.5,2,1173,43N060 - Havinnes,3.457624427181725,50.616718401793946,Ozone,-10.0,25.0,#0000FF
2570,100040,13.16,2,1751,40DU07 - Deurne,4.448749903341609,51.22638859104361,Particulate Matter < 2.5 µm,10.5,15.0,#009900
2581,6531,13.25,2,1113,41B011 - Berchem-Sainte-Agathe,4.288336366305902,50.85803059327695,Particulate Matter < 10 µm,10.0,20.0,#0099FF
2591,6530,37.25,2,1113,41B011 - Berchem-Sainte-Agathe,4.288336366305902,50.85803059327695,Ozone,25.0,50.0,#0099FF
2601,6893,9.4215,2,1173,43N060 - Havinnes,3.457624427181725,50.616718401793946,Particulate Matter < 2.5 µm,5.0,10.4,#0099FF
2612,6775,12.5,2,1147,42R801 - Borgerhout,4.4318210469688415,51.209662530910016,Nitrogen monoxide,-10.0,20.0,#0000FF
2621,6532,9.963999999999999,2,1113,41B011 - Berchem-Sainte-Agathe,4.288336366305902,50.85803059327695,Particulate Matter < 2.5 µm,5.0,10.4,#0099FF
2632,6774,0.75,2,1147,42R801 - Borgerhout,4.4318210469688415,51.209662530910016,Sulphur dioxide,-5.0,25.0,#0000FF
2642,6766,0.3225,2,1146,42R020 - Vilvoorde,4.436720763534066,50.94138711459397,Carbon Monoxide,-10.0,100.0,#0000FF
2652,6887,0.215,2,1173,43N060 - Havinnes,3.457624427181725,50.616718401793946,Carbon Monoxide,-10.0,100.0,#0000FF
2661,100034,9.000499999999999,2,1741,41REG1 - Brussel (Bld du Régent),4.367005785367068,50.84356660319536,Particulate Matter < 2.5 µm,5.0,10.4,#0099FF
2672,100035,4.25,2,1742,41CHA1 - Brussel (Ganshoren),4.306158790881906,50.87036591660665,Nitrogen monoxide,-10.0,20.0,#0000FF
2681,100036,26.25,2,1742,41CHA1 - Brussel (Ganshoren),4.306158790881906,50.87036591660665,Nitrogen dioxide,20.0,50.0,#0099FF
2692,6768,17.75,2,1146,42R020 - Vilvoorde,4.436720763534066,50.94138711459397,Nitrogen monoxide,-10.0,20.0,#0000FF
2702,6889,0.75,2,1173,43N060 - Havinnes,3.457624427181725,50.616718401793946,Nitrogen monoxide,-10.0,20.0,#0000FF
2711,100037,22.75,2,1751,40DU07 - Deurne,4.448749903341609,51.22638859104361,Nitrogen monoxide,20.0,50.0,#0099FF
2722,6888,1.75,2,1173,43N060 - Havinnes,3.457624427181725,50.616718401793946,Sulphur dioxide,-5.0,25.0,#0000FF
2731,100038,46.5,2,1751,40DU07 - Deurne,4.448749903341609,51.22638859104361,Nitrogen dioxide,20.0,50.0,#0099FF
2742,6528,19.0,2,1113,41B011 - Berchem-Sainte-Agathe,4.288336366305902,50.85803059327695,Nitrogen dioxide,-10.0,20.0,#0000FF
2751,6769,46.25,2,1146,42R020 - Vilvoorde,4.436720763534066,50.94138711459397,Nitrogen dioxide,20.0,50.0,#0099FF
2762,6527,3.0,2,1113,41B011 - Berchem-Sainte-Agathe,4.288336366305902,50.85803059327695,Nitrogen monoxide,-10.0,20.0,#0000FF
2770,100039,20.65,2,1751,40DU07 - Deurne,4.448749903341609,51.22638859104361,Particulate Matter < 10 µm,20.0,30.0,#009900
2782,100050,0.2,2,1753,48R515 - Aeroport 2,4.484957959246502,50.46913160387411,Carbon Monoxide,-10.0,100.0,#0000FF
2790,6786,22.65,2,1147,42R801 - Borgerhout,4.4318210469688415,51.209662530910016,Particulate Matter < 10 µm,20.0,30.0,#009900
2800,6302,11.045,2,1062,40MN01 - Menen,3.109641874498659,50.79346904431352,Particulate Matter < 2.5 µm,10.5,15.0,#009900
2810,6301,21.15,2,1062,40MN01 - Menen,3.109641874498659,50.79346904431352,Particulate Matter < 10 µm,20.0,30.0,#009900
2821,6776,39.25,2,1147,42R801 - Borgerhout,4.4318210469688415,51.209662530910016,Nitrogen dioxide,20.0,50.0,#0099FF
2832,100046,7.75,2,1753,48R515 - Aeroport 2,4.484957959246502,50.46913160387411,Nitrogen monoxide,-10.0,20.0,#0000FF
2841,100047,31.25,2,1753,48R515 - Aeroport 2,4.484957959246502,50.46913160387411,Nitrogen dioxide,20.0,50.0,#0099FF
2852,6778,13.25,2,1147,42R801 - Borgerhout,4.4318210469688415,51.209662530910016,Ozone,-10.0,25.0,#0000FF
2862,6791,3.25,2,1149,42R811 - Schoten,4.491362027935439,51.25210341184476,Nitrogen monoxide,-10.0,20.0,#0000FF
2871,6551,38.0,2,1116,41MEU1 - Meudon,4.3927176975661535,50.89510056203236,Nitrogen dioxide,20.0,50.0,#0099FF
2882,6793,9.0,2,1149,42R811 - Schoten,4.491362027935439,51.25210341184476,Ozone,-10.0,25.0,#0000FF
2892,6430,0.0,2,1095,40WZ02 - Mol,5.2215340790930975,51.1928003331967,Sulphur dioxide,-5.0,25.0,#0000FF
2901,6792,44.25,2,1149,42R811 - Schoten,4.491362027935439,51.25210341184476,Nitrogen dioxide,20.0,50.0,#0099FF
2912,6550,3.0,2,1116,41MEU1 - Meudon,4.3927176975661535,50.89510056203236,Nitrogen monoxide,-10.0,20.0,#0000FF
2921,6553,7.285,2,1116,41MEU1 - Meudon,4.3927176975661535,50.89510056203236,Particulate Matter < 2.5 µm,5.0,10.4,#0099FF
2931,6552,11.75,2,1116,41MEU1 - Meudon,4.3927176975661535,50.89510056203236,Particulate Matter < 10 µm,10.0,20.0,#0099FF
2940,6794,22.65,2,1149,42R811 - Schoten,4.491362027935439,51.25210341184476,Particulate Matter < 10 µm,20.0,30.0,#009900
2950,10691,23.25,2,1719,40SA04 - Hoevenen,4.403868139749608,51.313928894144894,Particulate Matter < 10 µm,20.0,30.0,#009900
2960,10690,2.0475,2,1719,40SA04 - Hoevenen,4.403868139749608,51.313928894144894,Black Carbon,2.0,3.0,#009900
2971,10693,1.155,2,1117,41N043 - Haren,4.3829632518023365,50.88355981138231,Black Carbon,1.0,2.0,#0099FF
2980,6788,24.15,2,1148,42R802 - Borgerhout,4.431792230792439,51.209518731583486,Particulate Matter < 10 µm,20.0,30.0,#009900
2989,10692,15.510000000000002,2,1719,40SA04 - Hoevenen,4.403868139749608,51.313928894144894,Particulate Matter < 2.5 µm,15.0,25.0,#00FF00
3000,6787,14.57,2,1147,42R801 - Borgerhout,4.4318210469688415,51.209662530910016,Particulate Matter < 2.5 µm,10.5,15.0,#009900
3009,6789,15.04,2,1148,42R802 - Borgerhout,4.431792230792439,51.209518731583486,Particulate Matter < 2.5 µm,15.0,25.0,#00FF00
3022,10697,5.25,2,1155,42R820 - Kapellen,4.444810618980053,51.32041678531231,Nitrogen monoxide,-10.0,20.0,#0000FF
3031,10696,34.75,2,1148,42R802 - Borgerhout,4.431792230792439,51.209518731583486,Nitrogen monoxide,20.0,50.0,#0099FF
3041,10699,26.0,2,1190,43R221 - Liège,5.627835290852657,50.65844441678666,Nitrogen monoxide,20.0,50.0,#0099FF
3051,10698,46.75,2,1155,42R820 - Kapellen,4.444810618980053,51.32041678531231,Nitrogen dioxide,20.0,50.0,#0099FF
3061,6560,27.5,2,1117,41N043 - Haren,4.3829632518023365,50.88355981138231,Nitrogen monoxide,20.0,50.0,#0099FF
3072,6562,7.75,2,1117,41N043 - Haren,4.3829632518023365,50.88355981138231,Ozone,-10.0,25.0,#0000FF
3080,6561,57.5,2,1117,41N043 - Haren,4.3829632518023365,50.88355981138231,Nitrogen dioxide,50.0,70.0,#009900
3101,6563,16.5,2,1117,41N043 - Haren,4.3829632518023365,50.88355981138231,Particulate Matter < 10 µm,10.0,20.0,#0099FF
3111,6687,1.4075,2,1127,42M802 - Antwerpen,4.42439900693533,51.2609897074671,Black Carbon,1.0,2.0,#0099FF
3120,6324,27.4,2,1066,40OB01 - Oostrozebeke,3.307385799335752,50.91722844102691,Particulate Matter < 10 µm,20.0,30.0,#009900
3132,6559,2.95,2,1117,41N043 - Haren,4.3829632518023365,50.88355981138231,Sulphur dioxide,-5.0,25.0,#0000FF
3142,6558,0.27749999999999997,2,1117,41N043 - Haren,4.3829632518023365,50.88355981138231,Carbon Monoxide,-10.0,100.0,#0000FF
3152,6571,0.3075,2,1118,41R001 - Molenbeek-Saint-Jean,4.333819707712013,50.84966548806808,Carbon Monoxide,-10.0,100.0,#0000FF
3162,6573,8.5,2,1118,41R001 - Molenbeek-Saint-Jean,4.333819707712013,50.84966548806808,Nitrogen monoxide,-10.0,20.0,#0000FF
3170,6693,23.4,2,1127,42M802 - Antwerpen,4.42439900693533,51.2609897074671,Particulate Matter < 10 µm,20.0,30.0,#009900
3182,6572,3.75,2,1118,41R001 - Molenbeek-Saint-Jean,4.333819707712013,50.84966548806808,Sulphur dioxide,-5.0,25.0,#0000FF
3191,6574,46.5,2,1118,41R001 - Molenbeek-Saint-Jean,4.333819707712013,50.84966548806808,Nitrogen dioxide,20.0,50.0,#0099FF
3202,6577,15.25,2,1118,41R001 - Molenbeek-Saint-Jean,4.333819707712013,50.84966548806808,Ozone,-10.0,25.0,#0000FF
3211,10790,9.25,2,1733,43R401 - Namur,4.865260946011645,50.462427939604666,Particulate Matter < 2.5 µm,5.0,10.4,#0099FF
3221,6334,18.75,2,1070,44RL01 - Roeselare,3.1211555989012387,50.95317728023869,Particulate Matter < 10 µm,10.0,20.0,#0099FF
3231,6690,42.5,2,1127,42M802 - Antwerpen,4.42439900693533,51.2609897074671,Nitrogen dioxide,20.0,50.0,#0099FF
3233,10799,100.0,2,1170,43H201 - Liège,5.547464182570818,50.62499156889817,Relative Humidity,95.5,999.0,#660000
3252,6689,7.25,2,1127,42M802 - Antwerpen,4.42439900693533,51.2609897074671,Nitrogen monoxide,-10.0,20.0,#0000FF
3261,10792,32.5,2,1733,43R401 - Namur,4.865260946011645,50.462427939604666,Ozone,25.0,50.0,#0099FF
3268,6207,4.25,2,1046,40GK11 - Genk,5.520312797653718,50.93148760350312,Elemental gaseous mercury,4.0,5.0,#FFFF00
3282,10794,0.0,2,1122,41R012 - Uccle,4.358538856351676,50.79663163849799,Relative Humidity,-5.0,20.5,#0000FF
3292,6569,0.8875,2,1118,41R001 - Molenbeek-Saint-Jean,4.333819707712013,50.84966548806808,Black Carbon,-10.0,1.0,#0000FF
3294,10793,92.0,2,1118,41R001 - Molenbeek-Saint-Jean,4.333819707712013,50.84966548806808,Relative Humidity,90.5,95.5,#990000
3304,10795,93.0,2,1127,42M802 - Antwerpen,4.42439900693533,51.2609897074671,Relative Humidity,90.5,95.5,#990000
3313,10798,98.5,2,1202,44N029 - Houtem,2.582322781489737,51.01628011113804,Relative Humidity,95.5,999.0,#660000
3331,6343,1.09,2,1073,40SZ01 - Steenokkerzeel,4.504183323312318,50.91457613716692,Black Carbon,1.0,2.0,#0099FF
3340,10680,25.9,2,1714,40OB02 - Wielsbeke,3.376211631086016,50.91495296088119,Particulate Matter < 10 µm,20.0,30.0,#009900
3352,6579,4.136,2,1118,41R001 - Molenbeek-Saint-Jean,4.333819707712013,50.84966548806808,Particulate Matter < 2.5 µm,-10.0,5.0,#0000FF
3362,6578,8.25,2,1118,41R001 - Molenbeek-Saint-Jean,4.333819707712013,50.84966548806808,Particulate Matter < 10 µm,-10.0,10.0,#0000FF
3372,6215,1.25,2,1048,40HB23 - Hoboken,4.341005064562842,51.17029803843545,Sulphur dioxide,-5.0,25.0,#0000FF
3380,6218,22.9,2,1048,40HB23 - Hoboken,4.341005064562842,51.17029803843545,Particulate Matter < 10 µm,20.0,30.0,#009900
3389,99938,8.45,2,1183,43N113 - Sainte-Ode,5.593016914066444,50.02702901734794,Temperature,5.0,10.0,#00FF00
3393,99939,222.5,2,1122,41R012 - Uccle,4.358538856351676,50.79663163849799,Wind Direction,,,#888888
3403,7200,2.25,2,1239,47E714 - Dudzele,3.248624062941191,51.27896330355755,Nitrogen monoxide,-10.0,20.0,#0000FF
3413,7201,17.0,2,1239,47E714 - Dudzele,3.248624062941191,51.27896330355755,Nitrogen dioxide,-10.0,20.0,#0000FF
3420,99935,8.675,2,1192,43R223 - Jemeppe,5.5164047551429976,50.62067087883932,Temperature,5.0,10.0,#00FF00
3433,7204,8.0,2,1240,47E715 - Zuienkerke,3.174984201680884,51.2458642166759,Nitrogen dioxide,-10.0,20.0,#0000FF
3440,99932,8.95,2,1190,43R221 - Liège,5.627835290852657,50.65844441678666,Temperature,5.0,10.0,#00FF00
3453,7203,0.0,2,1240,47E715 - Zuienkerke,3.174984201680884,51.2458642166759,Nitrogen monoxide,-10.0,20.0,#0000FF
3462,6348,45.25,2,1073,40SZ01 - Steenokkerzeel,4.504183323312318,50.91457613716692,Nitrogen dioxide,20.0,50.0,#0099FF
3473,6347,11.75,2,1073,40SZ01 - Steenokkerzeel,4.504183323312318,50.91457613716692,Nitrogen monoxide,-10.0,20.0,#0000FF
3480,99929,9.575,2,1171,43M204 - Angleur,5.611149762819439,50.61192270655334,Temperature,5.0,10.0,#00FF00
3490,99926,8.899999999999999,2,1170,43H201 - Liège,5.547464182570818,50.62499156889817,Temperature,5.0,10.0,#00FF00
3494,6487,0.335,1,1107,40ZL01 - Zelzate,3.808400323951653,51.20314142607233,Benzene,,,#888888
3501,99923,7.75,2,1220,45R511 - Marcinelle,4.424700450402466,50.37759210212818,Temperature,5.0,10.0,#00FF00
3511,99920,7.825,2,1218,45R502 - Lodelinsart,4.458680858021719,50.428995392896255,Temperature,5.0,10.0,#00FF00
3524,7206,0.25,2,1241,47E716 - Mariakerke,3.6828130172031206,51.06698790152168,Nitrogen monoxide,-10.0,20.0,#0000FF
3533,7207,20.5,2,1241,47E716 - Mariakerke,3.6828130172031206,51.06698790152168,Nitrogen dioxide,20.0,50.0,#0099FF
3543,7105,28.25,2,1212,44R731 - Evergem,3.739504220441925,51.12469051189999,Nitrogen dioxide,20.0,50.0,#0099FF
3554,7104,1.0,2,1212,44R731 - Evergem,3.739504220441925,51.12469051189999,Nitrogen monoxide,-10.0,20.0,#0000FF
3564,7110,5.0,2,1213,44R740 - Sint-Kruiswinkel,3.80873543041274,51.15013609000081,Nitrogen monoxide,-10.0,20.0,#0000FF
3573,7111,48.0,2,1213,44R740 - Sint-Kruiswinkel,3.80873543041274,51.15013609000081,Nitrogen dioxide,20.0,50.0,#0099FF
3584,7115,18.25,2,1213,44R740 - Sint-Kruiswinkel,3.80873543041274,51.15013609000081,Ozone,-10.0,25.0,#0000FF
3585,99940,2.4375,2,1122,41R012 - Uccle,4.358538856351676,50.79663163849799,Wind Speed (scalar),,,#888888
3593,7107,14.57,2,1212,44R731 - Evergem,3.739504220441925,51.12469051189999,Particulate Matter < 2.5 µm,10.5,15.0,#009900
3603,7106,21.4,2,1212,44R731 - Evergem,3.739504220441925,51.12469051189999,Particulate Matter < 10 µm,20.0,30.0,#009900
3615,7121,1.5,2,1214,44R750 - Zelzate,3.8229200468043305,51.19606326849932,Nitrogen monoxide,-10.0,20.0,#0000FF
3623,6153,25.65,2,1031,40AL02 - Beveren,4.234832753144059,51.30452079034428,Particulate Matter < 10 µm,20.0,30.0,#009900
3635,7000,6.521000000000001,2,1191,43R222 - Seraing,5.57022281411258,50.61341250148202,Particulate Matter < 10 µm,-10.0,10.0,#0000FF
3643,6152,22.15,2,1030,40AL01 - Linkeroever,4.385223684454717,51.23619419990248,Particulate Matter < 10 µm,20.0,30.0,#009900
3652,6155,16.45,2,1032,40AL03 - Beveren,4.201460395126572,51.25396488066997,Particulate Matter < 2.5 µm,15.0,25.0,#00FF00
3664,7122,30.25,2,1214,44R750 - Zelzate,3.8229200468043305,51.19606326849932,Nitrogen dioxide,20.0,50.0,#0099FF
3672,6154,17.155,2,1031,40AL02 - Beveren,4.234832753144059,51.30452079034428,Particulate Matter < 2.5 µm,15.0,25.0,#00FF00
3685,7001,3.6205,2,1191,43R222 - Seraing,5.57022281411258,50.61341250148202,Particulate Matter < 2.5 µm,-10.0,5.0,#0000FF
3693,6157,21.65,2,1034,40AL05 - Beveren,4.278889821667828,51.2631177168737,Particulate Matter < 10 µm,20.0,30.0,#009900
3702,7125,31.25,2,1214,44R750 - Zelzate,3.8229200468043305,51.19606326849932,Particulate Matter < 10 µm,30.0,40.0,#00FF00
3715,7004,1.0,2,1192,43R223 - Jemeppe,5.5164047551429976,50.62067087883932,Sulphur dioxide,-5.0,25.0,#0000FF
3725,7003,0.2475,2,1192,43R223 - Jemeppe,5.5164047551429976,50.62067087883932,Carbon Monoxide,-10.0,100.0,#0000FF
3732,6156,16.215,2,1033,40AL04 - Beveren,4.293329476940385,51.2906675267468,Particulate Matter < 2.5 µm,15.0,25.0,#00FF00
3744,11021,43.75,2,1754,BETVBX1 - Brussel (Rue de Grand Ile),4.346090383271134,50.846081614357104,Nitrogen dioxide,20.0,50.0,#0099FF
3754,7006,26.75,2,1192,43R223 - Jemeppe,5.5164047551429976,50.62067087883932,Nitrogen dioxide,20.0,50.0,#0099FF
3765,11020,4.25,2,1754,BETVBX1 - Brussel (Rue de Grand Ile),4.346090383271134,50.846081614357104,Nitrogen monoxide,-10.0,20.0,#0000FF
3775,7005,6.25,2,1192,43R223 - Jemeppe,5.5164047551429976,50.62067087883932,Nitrogen monoxide,-10.0,20.0,#0000FF
3783,6158,13.629999999999999,2,1034,40AL05 - Beveren,4.278889821667828,51.2631177168737,Particulate Matter < 2.5 µm,10.5,15.0,#009900
3795,6151,0.8625,2,1030,40AL01 - Linkeroever,4.385223684454717,51.23619419990248,Black Carbon,-10.0,1.0,#0000FF
3803,11023,57.5,2,1755,BETVBX2 - Brussel (Rue des Tanneurs),4.346831357738299,50.84028350969509,Nitrogen dioxide,50.0,70.0,#009900
3815,11022,17.5,2,1755,BETVBX2 - Brussel (Rue des Tanneurs),4.346831357738299,50.84028350969509,Nitrogen monoxide,-10.0,20.0,#0000FF
3825,7119,0.1775,2,1214,44R750 - Zelzate,3.8229200468043305,51.19606326849932,Carbon Monoxide,-10.0,100.0,#0000FF
3834,7132,39.5,2,1217,45R501 - Charleroi,4.452171781049856,50.40931145201499,Nitrogen dioxide,20.0,50.0,#0099FF
3845,7131,9.75,2,1217,45R501 - Charleroi,4.452171781049856,50.40931145201499,Nitrogen monoxide,-10.0,20.0,#0000FF
3854,7136,6.521,2,1217,45R501 - Charleroi,4.452171781049856,50.40931145201499,Particulate Matter < 2.5 µm,5.0,10.4,#0099FF
3864,7135,11.021,2,1217,45R501 - Charleroi,4.452171781049856,50.40931145201499,Particulate Matter < 10 µm,10.0,20.0,#0099FF
3875,7014,1.0,2,1195,43R240 - Engis,5.39744605012733,50.58361434736873,Sulphur dioxide,-5.0,25.0,#0000FF
3885,7017,10.5,2,1195,43R240 - Engis,5.39744605012733,50.58361434736873,Nitrogen dioxide,-10.0,20.0,#0000FF
3895,7016,0.75,2,1195,43R240 - Engis,5.39744605012733,50.58361434736873,Nitrogen monoxide,-10.0,20.0,#0000FF
3904,6281,25.25,2,1059,40LD02 - Laakdal,5.021545977609839,51.12038413709952,Nitrogen dioxide,20.0,50.0,#0099FF
3915,6280,1.25,2,1059,40LD02 - Laakdal,5.021545977609839,51.12038413709952,Nitrogen monoxide,-10.0,20.0,#0000FF
3916,6283,0.985,1,1059,40LD02 - Laakdal,5.021545977609839,51.12038413709952,Benzene,,,#888888
3926,7129,0.23249999999999998,2,1217,45R501 - Charleroi,4.452171781049856,50.40931145201499,Carbon Monoxide,-10.0,100.0,#0000FF
3936,7008,9.521,2,1192,43R223 - Jemeppe,5.5164047551429976,50.62067087883932,Particulate Matter < 10 µm,-10.0,10.0,#0000FF
3945,7009,8.2875,2,1192,43R223 - Jemeppe,5.5164047551429976,50.62067087883932,Particulate Matter < 2.5 µm,5.0,10.4,#0099FF
3955,7143,14.271,2,1218,45R502 - Lodelinsart,4.458680858021719,50.428995392896255,Particulate Matter < 10 µm,10.0,20.0,#0099FF
3966,7022,0.843,2,1195,43R240 - Engis,5.39744605012733,50.58361434736873,Particulate Matter < 2.5 µm,-10.0,5.0,#0000FF
3976,7142,16.75,2,1218,45R502 - Lodelinsart,4.458680858021719,50.428995392896255,Ozone,-10.0,25.0,#0000FF
3986,7021,2.521,2,1195,43R240 - Engis,5.39744605012733,50.58361434736873,Particulate Matter < 10 µm,-10.0,10.0,#0000FF
3995,7144,7.7295,2,1218,45R502 - Lodelinsart,4.458680858021719,50.428995392896255,Particulate Matter < 2.5 µm,5.0,10.4,#0099FF
4005,7149,7.73,2,1219,45R510 - Châtelineau,4.521130208130443,50.41643335953812,Particulate Matter < 2.5 µm,5.0,10.4,#0099FF
4014,99998,11.985,2,1208,44R710 - Destelbergen,3.775262389645357,51.06127769765467,Particulate Matter < 2.5 µm,10.5,15.0,#009900
4025,7148,13.521,2,1219,45R510 - Châtelineau,4.521130208130443,50.41643335953812,Particulate Matter < 10 µm,10.0,20.0,#0099FF
4034,99999,13.629999999999999,2,1048,40HB23 - Hoboken,4.341005064562842,51.17029803843545,Particulate Matter < 2.5 µm,10.5,15.0,#009900
4044,99997,12.455,2,1200,44N012 - Moerkerke,3.362535888701597,51.25457362243645,Particulate Matter < 2.5 µm,10.5,15.0,#009900
4054,99994,13.865,2,1127,42M802 - Antwerpen,4.42439900693533,51.2609897074671,Particulate Matter < 2.5 µm,10.5,15.0,#009900
4065,7141,34.5,2,1218,45R502 - Lodelinsart,4.458680858021719,50.428995392896255,Nitrogen dioxide,20.0,50.0,#0099FF
4075,7020,40.25,2,1195,43R240 - Engis,5.39744605012733,50.58361434736873,Ozone,25.0,50.0,#0099FF
4086,7140,6.75,2,1218,45R502 - Lodelinsart,4.458680858021719,50.428995392896255,Nitrogen monoxide,-10.0,20.0,#0000FF
4091,11009,1009.25,2,1118,41R001 - Molenbeek-Saint-Jean,4.333819707712013,50.84966548806808,Atmospheric  Pressure,1000.0,1010.0,#FFBB00
4101,11001,1008.75,2,1723,42R804 - Antwerpen (Ring),4.441947090848593,51.20630394865475,Atmospheric  Pressure,1000.0,1010.0,#FFBB00
4110,11000,1010.5,2,1721,42R817 - Antwerpen (Groenenborgerlaan),4.417948637777734,51.17713088779377,Atmospheric  Pressure,1010.0,1020.0,#FF6600
4121,11003,1008.75,2,1743,42R823 - Beveren,4.239930592809773,51.21325060421094,Atmospheric  Pressure,1000.0,1010.0,#FFBB00
4130,11002,1012.0,2,1727,42R818 - Antwerpen (Burchtse Weel),4.350554534328843,51.2122581085401,Atmospheric  Pressure,1010.0,1020.0,#FF6600
4140,11004,1010.0999999999999,2,1202,44N029 - Houtem,2.582322781489737,51.01628011113804,Atmospheric  Pressure,1010.0,1020.0,#FF6600
4150,11007,1012.5,2,1127,42M802 - Antwerpen,4.42439900693533,51.2609897074671,Atmospheric  Pressure,1010.0,1020.0,#FF6600
4165,7033,33.0,2,1198,44M705 - Roeselare,3.152401590470008,50.945359241350495,Ozone,25.0,50.0,#0099FF
4175,7032,26.0,2,1198,44M705 - Roeselare,3.152401590470008,50.945359241350495,Nitrogen dioxide,20.0,50.0,#0099FF
4186,7155,0.7925,2,1221,45R512 - Marchienne,4.395897117039239,50.40781019941674,Black Carbon,-10.0,1.0,#0000FF
4196,7158,2.0,2,1221,45R512 - Marchienne,4.395897117039239,50.40781019941674,Sulphur dioxide,-5.0,25.0,#0000FF
4206,7157,0.2225,2,1221,45R512 - Marchienne,4.395897117039239,50.40781019941674,Carbon Monoxide,-10.0,100.0,#0000FF
4216,7039,0.0,2,1200,44N012 - Moerkerke,3.362535888701597,51.25457362243645,Nitrogen monoxide,-10.0,20.0,#0000FF
4226,7159,10.75,2,1221,45R512 - Marchienne,4.395897117039239,50.40781019941674,Nitrogen monoxide,-10.0,20.0,#0000FF
4236,7031,10.75,2,1198,44M705 - Roeselare,3.152401590470008,50.945359241350495,Nitrogen monoxide,-10.0,20.0,#0000FF
4246,7152,3.62,2,1220,45R511 - Marcinelle,4.424700450402466,50.37759210212818,Particulate Matter < 2.5 µm,-10.0,5.0,#0000FF
4256,7151,8.021,2,1220,45R511 - Marcinelle,4.424700450402466,50.37759210212818,Particulate Matter < 10 µm,-10.0,10.0,#0000FF
4265,11019,1.3199999999999998,2,1751,40DU07 - Deurne,4.448749903341609,51.22638859104361,Black Carbon,1.0,2.0,#0099FF
4276,7029,0.7975,2,1198,44M705 - Roeselare,3.152401590470008,50.945359241350495,Black Carbon,-10.0,1.0,#0000FF
4286,7046,0.0,2,1202,44N029 - Houtem,2.582322781489737,51.01628011113804,Nitrogen monoxide,-10.0,20.0,#0000FF
4294,7048,57.5,2,1202,44N029 - Houtem,2.582322781489737,51.01628011113804,Ozone,50.0,70.0,#009900
4306,7047,4.0,2,1202,44N029 - Houtem,2.582322781489737,51.01628011113804,Nitrogen dioxide,-10.0,20.0,#0000FF
4314,10929,22.4,2,1713,42R805 - Antwerpen (Belgiëlei),4.421559251065273,51.20822947181719,Particulate Matter < 10 µm,20.0,30.0,#009900
4325,10928,45.25,2,1713,42R805 - Antwerpen (Belgiëlei),4.421559251065273,51.20822947181719,Nitrogen dioxide,20.0,50.0,#0099FF
4327,10807,98.0,2,1137,42N035 - Aarschot,4.837618015698614,50.97754137811429,Relative Humidity,95.5,999.0,#660000
4337,10809,96.25,2,1146,42R020 - Vilvoorde,4.436720763534066,50.94138711459397,Relative Humidity,95.5,999.0,#660000
4356,7040,9.5,2,1200,44N012 - Moerkerke,3.362535888701597,51.25457362243645,Nitrogen dioxide,-10.0,20.0,#0000FF
4365,7160,34.25,2,1221,45R512 - Marchienne,4.395897117039239,50.40781019941674,Nitrogen dioxide,20.0,50.0,#0099FF
4374,7042,20.15,2,1200,44N012 - Moerkerke,3.362535888701597,51.25457362243645,Particulate Matter < 10 µm,20.0,30.0,#009900
4385,7163,7.004,2,1221,45R512 - Marchienne,4.395897117039239,50.40781019941674,Particulate Matter < 2.5 µm,5.0,10.4,#0099FF
4395,7041,43.5,2,1200,44N012 - Moerkerke,3.362535888701597,51.25457362243645,Ozone,25.0,50.0,#0099FF
4405,7162,11.771,2,1221,45R512 - Marchienne,4.395897117039239,50.40781019941674,Particulate Matter < 10 µm,10.0,20.0,#0099FF
4408,10811,94.5,2,1148,42R802 - Borgerhout,4.431792230792439,51.209518731583486,Relative Humidity,90.5,95.5,#990000
4425,10931,1.245,2,1713,42R805 - Antwerpen (Belgiëlei),4.421559251065273,51.20822947181719,Black Carbon,1.0,2.0,#0099FF
4427,10810,99.75,2,1147,42R801 - Borgerhout,4.4318210469688415,51.209662530910016,Relative Humidity,95.5,999.0,#660000
4437,10934,0.5,2,1180,43N085 - Vielsalm,6.001736288537827,50.30320782818866,Ammonia,,,#888888
4438,10813,95.5,2,1723,42R804 - Antwerpen (Ring),4.441947090848593,51.20630394865475,Relative Humidity,95.5,999.0,#660000
4448,10812,100.0,2,1720,42R803 - Antwerpen (Park Spoor Noord),4.428454177535564,51.22862981306374,Relative Humidity,95.5,999.0,#660000
4465,10936,13.865,2,1746,42ZD08 - Zwijndrecht (Neerstraat),4.331523918163801,51.22730931433447,Particulate Matter < 2.5 µm,10.5,15.0,#009900
4469,10815,94.25,2,1149,42R811 - Schoten,4.491362027935439,51.25210341184476,Relative Humidity,90.5,95.5,#990000
4485,10935,20.65,2,1746,42ZD08 - Zwijndrecht (Neerstraat),4.331523918163801,51.22730931433447,Particulate Matter < 10 µm,20.0,30.0,#009900
4489,10814,94.0,2,1713,42R805 - Antwerpen (Belgiëlei),4.421559251065273,51.20822947181719,Relative Humidity,90.5,95.5,#990000
4505,10938,14.100000000000001,2,1745,42ZD01 - Zwijndrecht (Binnenplein),4.325923016227131,51.21549671223492,Particulate Matter < 2.5 µm,10.5,15.0,#009900
4508,10817,100.0,2,1727,42R818 - Antwerpen (Burchtse Weel),4.350554534328843,51.2122581085401,Relative Humidity,95.5,999.0,#660000
4525,10937,21.4,2,1745,42ZD01 - Zwijndrecht (Binnenplein),4.325923016227131,51.21549671223492,Particulate Matter < 10 µm,20.0,30.0,#009900
4528,10816,100.0,2,1721,42R817 - Antwerpen (Groenenborgerlaan),4.417948637777734,51.17713088779377,Relative Humidity,95.5,999.0,#660000
4544,10930,15.04,2,1713,42R805 - Antwerpen (Belgiëlei),4.421559251065273,51.20822947181719,Particulate Matter < 2.5 µm,15.0,25.0,#00FF00
4557,7176,1.5,2,1231,47E007 - Sint-Pieters-Leeuw,4.252628452872855,50.79529862668815,Nitrogen monoxide,-10.0,20.0,#0000FF
4565,7055,11.045,2,1202,44N029 - Houtem,2.582322781489737,51.01628011113804,Particulate Matter < 2.5 µm,10.5,15.0,#009900
4576,7054,15.9,2,1202,44N029 - Houtem,2.582322781489737,51.01628011113804,Particulate Matter < 10 µm,10.0,20.0,#0099FF
4587,7177,13.5,2,1231,47E007 - Sint-Pieters-Leeuw,4.252628452872855,50.79529862668815,Nitrogen dioxide,-10.0,20.0,#0000FF
4597,7179,1.0,2,1232,47E008 - Grimbergen,4.395920014137026,50.92609511609199,Nitrogen monoxide,-10.0,20.0,#0000FF
4605,10939,23.15,2,1747,42AL09 - Antwerpen (Van Averbekelaan),4.376531512921879,51.22981341815649,Particulate Matter < 10 µm,20.0,30.0,#009900
4608,10818,100.0,2,1743,42R823 - Beveren,4.239930592809773,51.21325060421094,Relative Humidity,95.5,999.0,#660000
4627,10701,5.0,2,1190,43R221 - Liège,5.627835290852657,50.65844441678666,Ozone,-10.0,25.0,#0000FF
4628,10822,98.25,2,1206,44N052 - Zwevegem,3.322494319037272,50.814873869919865,Relative Humidity,95.5,999.0,#660000
4638,10943,99.0,2,1747,42AL09 - Antwerpen (Van Averbekelaan),4.376531512921879,51.22981341815649,Relative Humidity,95.5,999.0,#660000
4656,10700,32.25,2,1190,43R221 - Liège,5.627835290852657,50.65844441678666,Nitrogen dioxide,20.0,50.0,#0099FF
4658,10821,98.5,2,1200,44N012 - Moerkerke,3.362535888701597,51.25457362243645,Relative Humidity,95.5,999.0,#660000
4675,10942,0.8,2,1747,42AL09 - Antwerpen (Van Averbekelaan),4.376531512921879,51.22981341815649,Temperature,0.0,5.0,#009900
4686,10703,42.75,2,1715,44R702 - Gent (Carlierlaan),3.734971479685305,51.04068941942753,Nitrogen dioxide,20.0,50.0,#0099FF
4695,10945,29.9,2,1748,42AL10 - Antwerpen (Blancefloerlaan),4.36845719475613,51.2198905580466,Particulate Matter < 10 µm,20.0,30.0,#009900
4699,10824,92.75,2,1208,44R710 - Destelbergen,3.775262389645357,51.06127769765467,Relative Humidity,90.5,95.5,#990000
4711,10944,1010.0,2,1747,42AL09 - Antwerpen (Van Averbekelaan),4.376531512921879,51.22981341815649,Atmospheric  Pressure,1010.0,1020.0,#FF6600
4727,10702,6.5,2,1715,44R702 - Gent (Carlierlaan),3.734971479685305,51.04068941942753,Nitrogen monoxide,-10.0,20.0,#0000FF
4730,10823,88.0,2,1715,44R702 - Gent (Carlierlaan),3.734971479685305,51.04068941942753,Relative Humidity,80.5,90.5,#FF0000
4745,10705,11.985,2,1715,44R702 - Gent (Carlierlaan),3.734971479685305,51.04068941942753,Particulate Matter < 2.5 µm,10.5,15.0,#009900
4756,10704,18.15,2,1715,44R702 - Gent (Carlierlaan),3.734971479685305,51.04068941942753,Particulate Matter < 10 µm,10.0,20.0,#0099FF
4765,10946,14.805,2,1748,42AL10 - Antwerpen (Blancefloerlaan),4.36845719475613,51.2198905580466,Particulate Matter < 2.5 µm,10.5,15.0,#009900
4768,10825,98.5,2,1212,44R731 - Evergem,3.739504220441925,51.12469051189999,Relative Humidity,95.5,999.0,#660000
4787,10707,1.25,2,1716,47E814 - Ham,5.129718074812025,51.08218722351412,Nitrogen monoxide,-10.0,20.0,#0000FF
4796,10828,29.75,2,1734,42N047 - Hasselt,5.354360289979902,50.93618938185387,Ozone,25.0,50.0,#0099FF
4807,10706,0.8200000000000001,2,1715,44R702 - Gent (Carlierlaan),3.734971479685305,51.04068941942753,Black Carbon,-10.0,1.0,#0000FF
4810,10827,89.0,2,1214,44R750 - Zelzate,3.8229200468043305,51.19606326849932,Relative Humidity,80.5,90.5,#FF0000
4819,10820,91.0,2,1710,42R834 - Boom,4.38010354488249,51.09200003750444,Relative Humidity,90.5,95.5,#990000
4835,10940,13.629999999999999,2,1747,42AL09 - Antwerpen (Van Averbekelaan),4.376531512921879,51.22981341815649,Particulate Matter < 2.5 µm,10.5,15.0,#009900
4847,7066,2.75,2,1206,44N052 - Zwevegem,3.322494319037272,50.814873869919865,Nitrogen monoxide,-10.0,20.0,#0000FF
4856,7186,34.0,2,1234,47E013 - Vorst,4.328384665101021,50.81170089402077,Nitrogen dioxide,20.0,50.0,#0099FF
4866,7067,26.25,2,1206,44N052 - Zwevegem,3.322494319037272,50.814873869919865,Nitrogen dioxide,20.0,50.0,#0099FF
4876,7069,16.4,2,1206,44N052 - Zwevegem,3.322494319037272,50.814873869919865,Particulate Matter < 10 µm,10.0,20.0,#0099FF
4886,7180,25.25,2,1232,47E008 - Grimbergen,4.395920014137026,50.92609511609199,Nitrogen dioxide,20.0,50.0,#0099FF
4896,7183,38.5,2,1233,47E009 - Zemst,4.435416984927743,50.95491668793455,Nitrogen dioxide,20.0,50.0,#0099FF
4907,7062,0.5,2,1205,44N051 - Idegem,3.930293237601761,50.79891560368916,Nitrogen monoxide,-10.0,20.0,#0000FF
4917,7182,1.25,2,1233,47E009 - Zemst,4.435416984927743,50.95491668793455,Nitrogen monoxide,-10.0,20.0,#0000FF
4927,7185,2.0,2,1234,47E013 - Vorst,4.328384665101021,50.81170089402077,Nitrogen monoxide,-10.0,20.0,#0000FF
4936,7064,35.0,2,1205,44N051 - Idegem,3.930293237601761,50.79891560368916,Ozone,25.0,50.0,#0099FF
4947,7063,12.75,2,1205,44N051 - Idegem,3.930293237601761,50.79891560368916,Nitrogen dioxide,-10.0,20.0,#0000FF
4956,7078,29.25,2,1207,44R701 - Gent,3.729298171690584,51.05833171626488,Ozone,25.0,50.0,#0099FF
4967,7071,0.22999999999999998,2,1207,44R701 - Gent,3.729298171690584,51.05833171626488,Carbon Monoxide,-10.0,100.0,#0000FF
4977,7073,5.5,2,1207,44R701 - Gent,3.729298171690584,51.05833171626488,Nitrogen monoxide,-10.0,20.0,#0000FF
4987,7194,0.5,2,1237,47E703 - Oosteeklo,3.6872957563519857,51.19031704157261,Nitrogen monoxide,-10.0,20.0,#0000FF
4996,7074,36.0,2,1207,44R701 - Gent,3.729298171690584,51.05833171626488,Nitrogen dioxide,20.0,50.0,#0099FF
5007,7195,13.0,2,1237,47E703 - Oosteeklo,3.6872957563519857,51.19031704157261,Nitrogen dioxide,-10.0,20.0,#0000FF
5008,10800,100.0,2,1171,43M204 - Angleur,5.611149762819439,50.61192270655334,Relative Humidity,95.5,999.0,#660000
5018,10802,98.0,2,1190,43R221 - Liège,5.627835290852657,50.65844441678666,Relative Humidity,95.5,999.0,#660000
5028,10801,99.0,2,1183,43N113 - Sainte-Ode,5.593016914066444,50.02702901734794,Relative Humidity,95.5,999.0,#660000
5038,10804,99.0,2,1218,45R502 - Lodelinsart,4.458680858021719,50.428995392896255,Relative Humidity,95.5,999.0,#660000
5048,10803,100.0,2,1192,43R223 - Jemeppe,5.5164047551429976,50.62067087883932,Relative Humidity,95.5,999.0,#660000
5067,10927,17.5,2,1713,42R805 - Antwerpen (Belgiëlei),4.421559251065273,51.20822947181719,Nitrogen monoxide,-10.0,20.0,#0000FF
5068,10806,100.0,2,1132,42N016 - Dessel,5.163978846331757,51.233652206162375,Relative Humidity,95.5,999.0,#660000
5078,10805,98.0,2,1220,45R511 - Marcinelle,4.424700450402466,50.37759210212818,Relative Humidity,95.5,999.0,#660000
5095,7087,11.280000000000001,2,1207,44R701 - Gent,3.729298171690584,51.05833171626488,Particulate Matter < 2.5 µm,10.5,15.0,#009900
5107,7089,1.0,2,1208,44R710 - Destelbergen,3.775262389645357,51.06127769765467,Nitrogen monoxide,-10.0,20.0,#0000FF
5116,7086,17.9,2,1207,44R701 - Gent,3.729298171690584,51.05833171626488,Particulate Matter < 10 µm,10.0,20.0,#0099FF
5126,7091,31.5,2,1208,44R710 - Destelbergen,3.775262389645357,51.06127769765467,Ozone,25.0,50.0,#0099FF
5136,7090,26.75,2,1208,44R710 - Destelbergen,3.775262389645357,51.06127769765467,Nitrogen dioxide,20.0,50.0,#0099FF
5146,7092,18.4,2,1208,44R710 - Destelbergen,3.775262389645357,51.06127769765467,Particulate Matter < 10 µm,10.0,20.0,#0099FF
5157,7095,0.0,2,1210,44R721 - Wondelgem,3.7161193706960174,51.088957723664365,Sulphur dioxide,-5.0,25.0,#0000FF
5166,7097,24.5,2,1210,44R721 - Wondelgem,3.7161193706960174,51.088957723664365,Nitrogen dioxide,20.0,50.0,#0099FF
5177,7096,2.0,2,1210,44R721 - Wondelgem,3.7161193706960174,51.088957723664365,Nitrogen monoxide,-10.0,20.0,#0000FF
5178,99916,2.9775,2,1118,41R001 - Molenbeek-Saint-Jean,4.333819707712013,50.84966548806808,Wind Speed (scalar),,,#888888
5185,99917,7.225,2,1118,41R001 - Molenbeek-Saint-Jean,4.333819707712013,50.84966548806808,Temperature,5.0,10.0,#00FF00
5189,99915,211.0,2,1118,41R001 - Molenbeek-Saint-Jean,4.333819707712013,50.84966548806808,Wind Direction,,,#888888
5196,99911,8.475,2,1127,42M802 - Antwerpen,4.42439900693533,51.2609897074671,Temperature,5.0,10.0,#00FF00
5200,99901,5.5975,2,1202,44N029 - Houtem,2.582322781489737,51.01628011113804,Wind Speed (scalar),,,#888888
5207,99902,7.3,2,1202,44N029 - Houtem,2.582322781489737,51.01628011113804,Temperature,5.0,10.0,#00FF00
5211,99900,209.0,2,1202,44N029 - Houtem,2.582322781489737,51.01628011113804,Wind Direction,,,#888888
